Thresholds,False Positive Rate,True Positive Rate
2,0.0,0.0
1,0.10502049180327869,0.6434782608695652
0,1.0,1.0
