Thresholds,False Positive Rate,True Positive Rate
1.0008952831484244,0.0,
0.0008952831484244349,0.05,
5.5516147585036885e-05,1.0,
