Thresholds,False Positive Rate,True Positive Rate
2,0.0,0.0
1,0.002589331952356292,0.11594202898550725
0,1.0,1.0
