,accuracy,f1metric,precision,recalll
1,0.7040721168790799,0.5672727272727273,0.667379679144385,0.4932806324110672
2,0.7059372085794218,0.6246031746031746,0.6270916334661355,0.6221343873517786
3,0.7140192726142369,0.5238095238095237,0.7586206896551724,0.4
4,0.7342244327012745,0.5722861430715357,0.779291553133515,0.45217391304347826
5,0.7454149829033261,0.6101856258924322,0.7667464114832536,0.5067193675889328
6,0.7559838358719304,0.6367422489588154,0.7678571428571429,0.5438735177865612
