,accuracy,f1metric,precision,recalll
1,0.7040721168790799,0.5672727272727273,0.667379679144385,0.4932806324110672
2,0.7059372085794218,0.6246031746031746,0.6270916334661355,0.6221343873517786
3,0.7205470935654337,0.6227444397817877,0.6636851520572451,0.5865612648221344
4,0.7239664283493938,0.6684092606422704,0.6334041047416844,0.7075098814229249
5,0.7454149829033261,0.6101856258924322,0.7667464114832536,0.5067193675889328
6,0.758159776188996,0.6319772942289499,0.7868080094228505,0.5280632411067193
7,0.7538078955548648,0.6246445497630332,0.7798816568047338,0.5209486166007905
8,0.755362138638483,0.615158924205379,0.8064102564102564,0.4972332015810277
9,0.7603357165060616,0.6215022091310751,0.8199481865284974,0.500395256916996
